{"name":"a6a160a5-b550-42fb-933e-bfdf85fae329","id":"/providers/Microsoft.Flow/flows/a6a160a5-b550-42fb-933e-bfdf85fae329","type":"Microsoft.Flow/flows","properties":{"apiId":"/providers/Microsoft.PowerApps/apis/shared_logicflows","displayName":"Power BI dataset refresh failure email distribution","definition":{"metadata":{"workflowEntityId":null,"creator":{"id":"bf5a7a0d-197b-4040-b3a1-5046e38ef2d2","type":"User","tenantId":"d70b4d55-a592-45f2-99f3-299ae5ee7ade"},"provisioningMethod":"FromDefinition","failureAlertSubscription":true,"clientLastModifiedTime":"2018-12-03T00:48:42.241645Z"},"$schema":"https://schema.management.azure.com/providers/Microsoft.Logic/schemas/2016-06-01/workflowdefinition.json#","contentVersion":"1.0.0.0","parameters":{"$connections":{"defaultValue":{},"type":"Object"},"$authentication":{"defaultValue":{},"type":"SecureObject"}},"triggers":{"When_a_new_email_arrives":{"recurrence":{"interval":5,"frequency":"Minute"},"splitOn":"@triggerBody()?['value']","metadata":{"flowSystemMetadata":{"swaggerOperationId":"OnNewEmail"}},"type":"ApiConnection","inputs":{"host":{"api":{"runtimeUrl":"https://australia-001.azure-apim.net/apim/office365"},"connection":{"name":"@parameters('$connections')['shared_office365']['connectionId']"}},"method":"get","path":"/Mail/OnNewEmail","queries":{"folderPath":"Inbox","from":"no-reply-powerbi@microsoft.com","importance":"Any","fetchOnlyWithAttachment":false,"includeAttachments":false,"subjectFilter":"Refresh failed:"},"authentication":"@parameters('$authentication')"}}},"actions":{"Forward_an_email":{"runAfter":{},"metadata":{"flowSystemMetadata":{"swaggerOperationId":"ForwardEmail"}},"type":"ApiConnection","inputs":{"host":{"api":{"runtimeUrl":"https://australia-001.azure-apim.net/apim/office365"},"connection":{"name":"@parameters('$connections')['shared_office365']['connectionId']"}},"method":"post","body":{"ToRecipients":"pbidrf@fourmoo.com","Comment":"Power BI Dataset Refresh Failure | Please look into it?"},"path":"/codeless/api/v2.0/me/messages/@{encodeURIComponent(triggerBody()?['Id'])}/forward","authentication":"@parameters('$authentication')"}}},"outputs":{}},"connectionReferences":{"shared_office365":{"connectionName":"shared-office365-40498c4d-f1e2-4749-b34c-7b53e0659940","source":"Embedded","id":"/providers/Microsoft.PowerApps/apis/shared_office365","tier":"NotSpecified"}},"flowFailureAlertSubscribed":false}}